x_value,total_1,total_2
0,1000,1000
1,994,1003
2,994,1000
3,999,995
4,993,993
5,989,992
6,993,995
7,992,996
8,990,993
9,987,994
10,985,989
11,985,994
12,988,992
13,989,989
14,984,991
15,979,990
16,977,990
17,971,986
18,973,981
19,979,979
20,973,977
21,977,979
22,978,979
23,984,975
24,982,981
25,984,978
26,986,977
27,993,981
28,987,981
29,990,980
30,997,979
31,1001,976
32,1006,980
33,1010,982
34,1005,985
35,1006,982
36,1013,977
37,1021,983
38,1023,985
39,1026,987
40,1021,991
41,1020,992
42,1017,991
43,1018,990
44,1025,992
45,1028,996
46,1027,997
47,1032,998
48,1039,1003
49,1042,1000
50,1036,1004
51,1031,1000
52,1031,997
53,1028,1002
54,1026,1008
55,1030,1008
56,1037,1012
57,1035,1007
58,1039,1006
59,1035,1010
60,1035,1014
61,1037,1012
62,1042,1012
63,1049,1014
64,1056,1016
65,1051,1019
66,1047,1025
67,1048,1028
68,1047,1028
69,1043,1025
70,1043,1022
71,1049,1018
72,1051,1013
73,1053,1012
74,1051,1011
75,1051,1016
76,1045,1017
77,1052,1020
78,1046,1020
79,1052,1015
80,1051,1021
81,1054,1016
82,1059,1018
83,1059,1021
84,1065,1016
85,1067,1019
86,1065,1024
87,1066,1025
88,1070,1022
89,1064,1026
90,1064,1028
91,1058,1025
92,1064,1020
93,1070,1023
94,1072,1026
95,1078,1028
96,1086,1029
97,1092,1027
98,1099,1023
99,1094,1023
100,1097,1025
101,1096,1024
102,1091,1022
103,1099,1021
104,1097,1024
105,1092,1025
106,1089,1020
107,1092,1016
108,1088,1017
109,1088,1016
110,1096,1016
111,1090,1013
112,1088,1010
113,1085,1009
114,1079,1006
115,1075,1004
116,1075,1002
117,1074,1004
118,1073,1006
119,1076,1012
120,1079,1010
121,1077,1006
122,1082,1012
123,1077,1009
124,1085,1007
125,1079,1003
126,1076,998
127,1071,995
128,1076,998
129,1082,1002
130,1085,1007
131,1086,1002
132,1087,1007
133,1089,1013
134,1086,1008
135,1091,1007
136,1094,1010
137,1095,1014
138,1097,1017
139,1100,1012
140,1105,1007
141,1111,1013
142,1109,1013
143,1115,1012
144,1111,1015
145,1108,1010
146,1107,1014
147,1107,1019
148,1109,1020
149,1117,1024
150,1114,1029
151,1116,1024
152,1113,1019
153,1114,1017
154,1119,1017
155,1126,1016
156,1125,1021
157,1126,1024
158,1122,1019
159,1120,1017
160,1120,1019
161,1124,1020
162,1132,1015
163,1129,1018
164,1137,1024
165,1135,1025
166,1138,1020
167,1141,1018
168,1140,1023
169,1136,1023
170,1134,1022
171,1141,1022
172,1136,1028
173,1144,1028
174,1150,1024
175,1148,1030
176,1147,1029
177,1149,1031
178,1145,1026
179,1139,1024
180,1143,1027
181,1149,1032
182,1150,1035
183,1144,1030
184,1148,1028
185,1145,1025
186,1147,1031
187,1144,1031
188,1139,1037
189,1147,1040
190,1143,1038
191,1145,1034
192,1142,1032
193,1140,1033
194,1147,1034
195,1144,1033
196,1145,1035
197,1143,1030
198,1151,1031
199,1159,1028
200,1155,1033
201,1159,1038
202,1163,1042
203,1162,1045
204,1161,1043
205,1162,1049
206,1162,1046
207,1162,1045
208,1163,1040
209,1163,1046
210,1165,1052
211,1160,1057
212,1163,1059
213,1167,1065
214,1169,1065
215,1177,1063
216,1176,1061
217,1183,1058
218,1184,1060
219,1180,1066
220,1180,1063
221,1182,1063
222,1185,1064
223,1189,1063
224,1191,1058
225,1186,1064
226,1184,1062
227,1178,1063
228,1176,1067
229,1184,1070
230,1189,1070
231,1184,1068
232,1180,1065
233,1185,1062
234,1185,1057
235,1183,1059
236,1189,1062
237,1188,1068
238,1195,1074
239,1192,1075
240,1188,1072
241,1185,1075
242,1180,1080
243,1180,1080
244,1176,1082
245,1175,1080
246,1177,1077
247,1177,1073
248,1183,1073
249,1177,1071
250,1176,1069
251,1180,1064
252,1174,1061
253,1175,1067
254,1176,1067
255,1179,1062
256,1180,1059
257,1181,1054
258,1187,1060
259,1186,1064
260,1189,1063
261,1184,1059
262,1191,1063
263,1188,1067
264,1183,1073
265,1178,1069
266,1178,1066
267,1186,1063
268,1183,1062
269,1183,1060
270,1181,1060
271,1185,1063
272,1185,1069
273,1189,1065
274,1185,1071
275,1184,1075
276,1182,1078
277,1186,1080
278,1192,1080
279,1186,1085
280,1191,1091
281,1189,1094
282,1184,1096
283,1188,1101
284,1194,1103
285,1196,1100
286,1200,1100
287,1203,1102
288,1210,1097
289,1218,1100
290,1215,1102
291,1220,1103
292,1219,1101
293,1217,1100
294,1221,1095
295,1223,1096
296,1231,1095
297,1230,1097
298,1224,1100
299,1232,1105
300,1238,1105
301,1246,1103
302,1254,1107
303,1251,1102
304,1259,1097
305,1254,1102
306,1250,1098
307,1249,1099
308,1251,1105
309,1256,1108
310,1260,1110
311,1263,1113
312,1258,1114
313,1263,1118
314,1269,1117
315,1274,1119
316,1281,1124
317,1287,1119
318,1284,1125
319,1289,1129
320,1293,1132
321,1295,1133
322,1290,1138
323,1296,1141
324,1292,1147
325,1298,1150
326,1293,1154
327,1293,1154
328,1299,1150
329,1297,1147
330,1294,1152
331,1294,1149
332,1296,1149
333,1292,1155
334,1286,1153
335,1282,1158
336,1277,1161
337,1274,1165
338,1276,1167
339,1273,1167
340,1281,1171
341,1280,1176
342,1280,1178
343,1279,1175
344,1283,1180
345,1281,1177
346,1281,1182
347,1284,1186
348,1280,1189
349,1278,1189
350,1275,1190
351,1270,1189
352,1275,1189
353,1277,1188
354,1279,1187
355,1280,1190
356,1275,1188
357,1280,1188
358,1277,1186
359,1277,1184
360,1279,1186
361,1277,1190
362,1280,1192
363,1276,1191
364,1276,1194
365,1275,1195
366,1271,1201
367,1269,1207
368,1274,1202
369,1268,1202
370,1267,1198
371,1261,1196
372,1266,1191
373,1267,1191
374,1267,1186
375,1268,1183
376,1269,1187
377,1265,1182
378,1263,1185
379,1270,1188
380,1264,1187
381,1269,1192
382,1266,1195
383,1261,1196
384,1265,1194
385,1259,1198
386,1257,1197
387,1261,1203
388,1268,1200
389,1266,1205
390,1260,1205
391,1256,1209
392,1263,1204
393,1270,1199
394,1269,1199
395,1276,1205
396,1281,1200
397,1283,1197
398,1279,1192
399,1275,1192
400,1273,1187
401,1270,1188
402,1266,1190
403,1274,1192
404,1282,1193
405,1276,1195
406,1277,1193
407,1271,1190
408,1267,1193
409,1274,1192
410,1271,1196
411,1275,1199
412,1273,1205
413,1275,1204
414,1269,1199
415,1269,1203
416,1272,1209
417,1272,1209
418,1269,1215
419,1276,1221
420,1270,1222
421,1270,1219
422,1264,1218
423,1267,1213
424,1270,1219
425,1278,1220
426,1277,1218
427,1278,1218
428,1275,1215
429,1276,1213
430,1281,1214
431,1281,1217
432,1283,1212
433,1282,1208
434,1281,1206
435,1282,1208
436,1288,1203
437,1295,1209
438,1303,1214
439,1298,1219
440,1302,1218
441,1308,1217
442,1305,1212
443,1299,1213
444,1304,1209
445,1299,1211
446,1298,1212
447,1296,1212
448,1292,1216
449,1292,1214
450,1290,1215
451,1285,1221
452,1292,1220
453,1288,1215
454,1295,1216
455,1301,1219
456,1299,1221
457,1294,1222
458,1297,1228
459,1292,1225
460,1292,1228
461,1296,1224
462,1301,1224
463,1307,1230
464,1307,1231
465,1311,1226
466,1318,1227
467,1319,1224
468,1319,1220
469,1327,1223
470,1332,1229
471,1336,1228
472,1343,1232
473,1349,1229
474,1346,1232
475,1351,1236
476,1352,1231
477,1358,1236
478,1358,1231
479,1356,1236
480,1362,1231
481,1357,1231
482,1356,1234
483,1362,1239
484,1358,1239
485,1365,1243
486,1364,1249
487,1365,1251
488,1372,1250
489,1372,1248
490,1370,1251
491,1376,1254
492,1375,1256
493,1369,1258
494,1377,1262
495,1372,1262
496,1378,1262
497,1382,1258
498,1379,1258
499,1380,1253
500,1381,1256
501,1377,1252
502,1377,1248
503,1381,1253
504,1381,1256
505,1376,1251
506,1375,1255
507,1379,1254
508,1377,1250
509,1380,1250
510,1382,1252
511,1377,1255
512,1380,1260
513,1385,1256
514,1391,1256
515,1396,1254
516,1395,1258
517,1394,1256
518,1394,1251
519,1392,1246
520,1399,1249
521,1405,1245
522,1404,1249
523,1401,1254
524,1400,1255
525,1404,1254
526,1401,1260
527,1398,1255
528,1404,1261
529,1410,1266
530,1408,1268
531,1404,1265
532,1406,1267
533,1404,1271
534,1407,1269
535,1407,1272
536,1409,1278
537,1408,1277
538,1407,1283
539,1404,1287
540,1400,1286
541,1407,1283
542,1403,1287
543,1401,1288
544,1406,1290
545,1414,1292
546,1410,1289
547,1407,1294
548,1405,1299
549,1399,1298
550,1393,1293
551,1394,1291
552,1395,1287
553,1389,1291
554,1389,1296
555,1395,1292
556,1397,1292
557,1395,1297
558,1392,1302
559,1391,1301
560,1395,1305
561,1402,1303
562,1397,1305
563,1395,1300
564,1390,1304
565,1395,1309
566,1391,1311
567,1397,1316
568,1393,1313
569,1400,1311
570,1398,1312
571,1393,1311
572,1395,1309
573,1400,1308
574,1403,1313
575,1408,1312
576,1411,1314
577,1419,1311
578,1413,1317
579,1414,1323
580,1411,1320
581,1406,1326
582,1412,1328
583,1416,1327
584,1418,1327
585,1426,1322
586,1431,1319
587,1431,1314
588,1438,1309
589,1445,1313
590,1448,1312
591,1444,1310
592,1443,1310
593,1446,1311
594,1453,1316
595,1460,1314
596,1455,1312
597,1456,1313
598,1455,1316
599,1455,1315
600,1451,1310
601,1447,1312
602,1454,1313
603,1461,1315
604,1465,1320
605,1464,1324
606,1466,1321
607,1470,1321
608,1473,1326
609,1478,1325
610,1479,1320
611,1473,1317
612,1475,1321
613,1469,1327
614,1463,1331
615,1464,1327
616,1471,1333
617,1470,1339
618,1470,1337
619,1465,1332
620,1469,1331
621,1474,1327
622,1474,1327
623,1472,1326
624,1471,1325
625,1470,1330
626,1473,1327
627,1470,1325
628,1466,1331
629,1468,1330
630,1476,1336
631,1478,1333
632,1482,1332
633,1489,1330
634,1495,1329
635,1497,1335
636,1494,1333
637,1491,1334
638,1495,1339
639,1496,1334
640,1496,1338
641,1499,1340
642,1496,1346
643,1495,1346
644,1494,1347
645,1497,1343
646,1503,1343
647,1500,1345
648,1496,1350
649,1496,1352
650,1500,1354
651,1508,1354
652,1510,1355
653,1515,1357
654,1519,1352
655,1527,1356
656,1526,1362
657,1525,1365
658,1521,1371
659,1519,1375
660,1526,1381
661,1533,1379
662,1527,1384
663,1528,1381
664,1522,1379
665,1517,1379
666,1518,1375
667,1523,1378
668,1521,1384
669,1521,1383
670,1527,1379
671,1530,1374
672,1524,1380
673,1525,1385
674,1530,1391
675,1527,1397
676,1522,1396
677,1530,1391
678,1536,1395
679,1531,1392
680,1526,1396
681,1529,1396
682,1530,1397
683,1533,1402
684,1533,1406
685,1529,1403
686,1526,1405
687,1527,1400
688,1527,1406
689,1530,1411
690,1527,1411
691,1525,1407
692,1530,1410
693,1527,1405
694,1535,1401
695,1530,1396
696,1536,1391
697,1539,1390
698,1547,1394
699,1545,1399
700,1552,1404
701,1557,1404
702,1554,1404
703,1556,1400
704,1558,1405
705,1552,1401
706,1546,1401
707,1545,1398
708,1547,1397
709,1545,1393
710,1541,1393
711,1544,1390
712,1552,1393
713,1552,1391
714,1548,1388
715,1554,1394
716,1551,1390
717,1551,1395
718,1549,1395
719,1544,1392
720,1552,1387
721,1553,1390
722,1560,1386
723,1567,1384
724,1573,1386
725,1577,1385
726,1581,1386
727,1589,1382
728,1595,1380
729,1596,1375
730,1592,1379
731,1596,1383
732,1594,1381
733,1599,1377
734,1605,1372
735,1600,1367
736,1595,1372
737,1593,1372
738,1593,1372
739,1588,1367
740,1587,1371
741,1587,1374
742,1586,1370
743,1592,1366
744,1592,1371
745,1588,1371
746,1589,1366
747,1586,1365
748,1582,1363
749,1581,1365
750,1578,1365
751,1586,1360
752,1587,1357
753,1587,1362
754,1586,1359
755,1588,1360
756,1596,1357
757,1603,1352
758,1601,1357
759,1604,1353
760,1598,1357
761,1602,1357
762,1601,1361
763,1608,1367
764,1604,1372
765,1599,1372
766,1602,1377
767,1610,1381
768,1606,1382
769,1611,1381
770,1614,1381
771,1615,1387
772,1618,1393
773,1616,1398
774,1614,1395
775,1616,1391
776,1618,1386
777,1613,1382
778,1613,1385
779,1620,1391
780,1624,1389
781,1621,1394
782,1619,1389
783,1622,1387
784,1619,1393
785,1627,1397
786,1630,1392
787,1628,1397
788,1631,1399
789,1635,1398
790,1631,1399
791,1638,1396
792,1643,1401
793,1650,1402
794,1645,1401
795,1651,1403
796,1656,1405
797,1664,1401
798,1659,1397
799,1657,1402
800,1660,1402
801,1667,1398
802,1668,1399
803,1674,1394
804,1675,1394
805,1677,1397
806,1674,1400
807,1679,1395
808,1675,1392
809,1683,1389
810,1684,1390
811,1681,1391
812,1681,1395
813,1677,1391
814,1684,1393
815,1682,1391
816,1683,1397
817,1691,1403
818,1689,1404
819,1689,1400
820,1693,1405
821,1691,1407
822,1693,1406
823,1689,1406
824,1694,1405
825,1701,1400
826,1695,1397
827,1696,1402
828,1699,1398
829,1704,1394
830,1704,1396
831,1708,1396
832,1713,1398
833,1711,1393
834,1714,1399
835,1718,1400
836,1719,1406
837,1722,1409
838,1723,1409
839,1721,1406
840,1727,1407
841,1733,1408
842,1738,1407
843,1743,1413
844,1745,1410
845,1739,1405
846,1746,1405
847,1744,1402
848,1751,1408
849,1752,1409
850,1751,1414
851,1753,1417
852,1759,1421
853,1760,1426
854,1766,1425
855,1768,1431
856,1765,1426
857,1765,1431
858,1759,1430
859,1762,1425
860,1766,1425
861,1766,1428
862,1774,1423
863,1779,1427
864,1786,1432
865,1793,1434
866,1801,1429
867,1796,1426
868,1797,1422
869,1793,1424
870,1793,1426
871,1800,1428
872,1800,1431
873,1799,1432
874,1801,1435
875,1797,1435
876,1801,1440
877,1801,1440
878,1798,1440
879,1800,1438
880,1808,1433
881,1807,1429
882,1805,1434
883,1808,1440
884,1805,1444
885,1812,1439
886,1816,1445
887,1811,1447
888,1812,1451
889,1814,1449
890,1820,1451
891,1825,1454
892,1831,1456
893,1825,1452
894,1832,1450
895,1836,1453
896,1833,1459
897,1829,1462
898,1832,1464
899,1835,1459
900,1833,1454
901,1841,1449
902,1838,1444
903,1832,1450
904,1833,1456
905,1827,1458
906,1827,1463
907,1826,1461
908,1824,1465
909,1829,1471
910,1836,1468
911,1831,1464
912,1826,1470
913,1821,1473
914,1824,1469
915,1820,1473
916,1826,1478
917,1825,1478
918,1825,1477
919,1829,1481
920,1824,1485
921,1824,1486
922,1821,1483
923,1823,1478
924,1828,1476
925,1822,1478
926,1822,1477
927,1830,1478
928,1833,1473
929,1841,1472
930,1849,1476
931,1847,1479
932,1845,1479
933,1846,1476
934,1850,1471
935,1845,1466
936,1842,1468
937,1845,1470
938,1846,1465
939,1849,1468
940,1845,1466
941,1850,1462
942,1845,1463
943,1845,1467
944,1849,1470
945,1852,1475
946,1859,1477
947,1862,1482
948,1859,1477
949,1857,1478
950,1856,1473
951,1858,1477
952,1863,1478
953,1863,1474
954,1870,1475
955,1872,1474
956,1877,1471
957,1881,1474
958,1886,1469
959,1883,1465
960,1881,1470
961,1881,1471
962,1876,1476
963,1874,1482
964,1871,1482
965,1879,1478
966,1887,1481
967,1888,1476
968,1894,1471
969,1893,1473
970,1895,1472
971,1893,1471
972,1892,1473
973,1893,1479
974,1889,1482
975,1886,1480
976,1884,1475
977,1887,1478
978,1890,1477
979,1895,1476
980,1891,1479
981,1888,1484
982,1889,1480
983,1893,1482
984,1896,1485
985,1891,1488
986,1896,1485
987,1892,1490
988,1892,1488
989,1887,1489
990,1895,1490
991,1895,1489
992,1899,1492
993,1906,1489
994,1900,1488
995,1908,1489
996,1907,1492
997,1908,1494
998,1916,1496
999,1920,1493
1000,1927,1488
1001,1933,1489
1002,1939,1489
1003,1933,1489
1004,1934,1486
1005,1937,1486
1006,1944,1488
1007,1939,1485
1008,1940,1490
1009,1943,1485
1010,1941,1484
1011,1946,1481
1012,1954,1476
1013,1951,1476
1014,1959,1478
1015,1965,1483
1016,1959,1478
1017,1964,1476
1018,1969,1471
1019,1965,1470
1020,1971,1474
1021,1967,1477
1022,1966,1482
1023,1970,1481
1024,1978,1481
1025,1985,1483
1026,1986,1481
1027,1987,1481
1028,1989,1484
1029,1992,1485
1030,2000,1486
1031,1996,1487
1032,1990,1482
1033,1997,1483
1034,1998,1479
1035,2002,1483
1036,2003,1485
1037,2008,1487
1038,2006,1489
1039,2013,1494
1040,2018,1499
1041,2020,1496
1042,2020,1499
1043,2016,1505
1044,2012,1501
1045,2016,1504
1046,2019,1502
1047,2017,1504
1048,2016,1503
1049,2022,1504
1050,2022,1507
1051,2018,1507
1052,2014,1502
1053,2012,1498
1054,2006,1503
1055,2013,1506
1056,2020,1502
1057,2015,1504
1058,2023,1506
1059,2029,1507
1060,2033,1505
1061,2034,1509
1062,2030,1510
1063,2033,1505
1064,2027,1502
1065,2027,1508
1066,2022,1507
1067,2029,1507
1068,2032,1506
1069,2031,1508
1070,2036,1510
1071,2037,1516
1072,2041,1518
1073,2036,1520
1074,2031,1516
1075,2025,1516
1076,2027,1513
1077,2032,1514
1078,2038,1511
1079,2035,1506
1080,2040,1501
1081,2042,1502
1082,2044,1504
1083,2048,1506
1084,2048,1510
1085,2043,1507
1086,2044,1509
1087,2045,1514
1088,2045,1514
1089,2048,1516
1090,2042,1520
1091,2048,1525
1092,2050,1524
1093,2045,1521
1094,2044,1524
1095,2041,1526
1096,2044,1523
1097,2051,1522
1098,2045,1519
1099,2052,1516
1100,2056,1522
1101,2056,1525
1102,2057,1528
1103,2064,1531
1104,2059,1531
1105,2062,1527
1106,2065,1523
1107,2061,1522
1108,2068,1525
1109,2072,1530
1110,2067,1531
1111,2062,1527
1112,2058,1522
1113,2059,1527
1114,2061,1533
1115,2059,1537
1116,2059,1539
1117,2055,1543
1118,2049,1548
1119,2046,1548
1120,2048,1546
1121,2052,1551
1122,2046,1551
1123,2044,1556
1124,2052,1557
1125,2050,1556
1126,2051,1551
1127,2056,1556
1128,2055,1554
1129,2054,1553
1130,2060,1555
1131,2057,1554
1132,2057,1558
1133,2058,1560
1134,2062,1557
1135,2067,1558
1136,2061,1563
1137,2058,1561
1138,2058,1565
1139,2065,1570
1140,2073,1576
1141,2076,1579
1142,2082,1585
1143,2078,1589
1144,2077,1594
1145,2072,1590
1146,2076,1591
1147,2083,1587
1148,2085,1591
1149,2084,1587
1150,2088,1591
1151,2091,1591
1152,2086,1592
1153,2082,1592
1154,2082,1593
1155,2077,1598
1156,2085,1604
1157,2089,1604
1158,2096,1610
1159,2100,1616
1160,2104,1621
1161,2105,1625
1162,2113,1626
1163,2115,1627
1164,2120,1633
1165,2120,1630
1166,2118,1630
1167,2115,1630
1168,2120,1625
1169,2114,1631
1170,2118,1635
1171,2125,1640
1172,2121,1638
1173,2120,1635
1174,2116,1637
1175,2111,1633
1176,2109,1635
1177,2112,1630
1178,2116,1629
1179,2116,1631
1180,2113,1631
1181,2120,1627
1182,2116,1630
1183,2122,1626
1184,2120,1621
1185,2116,1623
1186,2121,1622
1187,2123,1619
1188,2127,1615
1189,2131,1614
1190,2131,1616
1191,2131,1616
1192,2134,1613
1193,2140,1614
1194,2147,1614
1195,2149,1619
1196,2151,1614
1197,2151,1615
1198,2149,1613
1199,2146,1611
1200,2151,1616
1201,2148,1620
1202,2155,1623
1203,2159,1621
1204,2167,1621
1205,2167,1620
1206,2167,1619
1207,2167,1624
1208,2161,1624
1209,2158,1626
1210,2165,1630
1211,2164,1630
1212,2167,1633
1213,2162,1634
1214,2162,1639
1215,2161,1641
1216,2160,1645
1217,2158,1642
1218,2158,1639
1219,2161,1640
1220,2168,1646
1221,2172,1652
1222,2171,1655
1223,2169,1658
1224,2174,1655
1225,2182,1656
1226,2188,1659
1227,2195,1654
1228,2203,1652
1229,2206,1648
1230,2203,1644
1231,2206,1646
1232,2214,1641
1233,2214,1643
1234,2212,1647
1235,2213,1649
1236,2217,1644
1237,2224,1646
1238,2219,1650
1239,2226,1647
1240,2221,1642
1241,2217,1644
1242,2214,1640
1243,2221,1645
1244,2225,1640
1245,2231,1640
1246,2228,1645
1247,2234,1650
1248,2230,1646
1249,2235,1646
1250,2242,1647
1251,2250,1642
1252,2254,1637
1253,2253,1633
1254,2255,1633
1255,2259,1630
1256,2255,1627
1257,2255,1624
1258,2263,1622
1259,2271,1620
1260,2274,1621
1261,2274,1623
1262,2275,1623
1263,2272,1627
1264,2272,1625
1265,2266,1628
1266,2263,1624
1267,2265,1623
1268,2269,1623
1269,2263,1618
1270,2260,1618
1271,2258,1617
1272,2258,1614
1273,2259,1609
1274,2264,1605
1275,2260,1600
1276,2255,1601
1277,2259,1607
1278,2264,1603
1279,2260,1600
1280,2264,1606
1281,2258,1609
1282,2265,1614
1283,2266,1611
1284,2261,1615
1285,2261,1617
1286,2257,1616
1287,2257,1616
1288,2258,1615
1289,2265,1614
1290,2269,1610
1291,2277,1605
1292,2278,1611
1293,2283,1615
1294,2285,1611
1295,2290,1615
1296,2295,1619
1297,2289,1617
1298,2296,1614
1299,2299,1616
1300,2295,1621
1301,2294,1627
1302,2299,1632
1303,2305,1631
1304,2313,1629
1305,2309,1625
1306,2308,1622
1307,2302,1625
1308,2298,1628
1309,2296,1631
1310,2292,1632
1311,2292,1629
1312,2291,1635
1313,2293,1632
1314,2297,1637
1315,2293,1643
1316,2296,1640
1317,2302,1640
1318,2307,1637
1319,2312,1637
1320,2316,1640
1321,2314,1645
1322,2314,1651
1323,2320,1657
1324,2323,1661
1325,2321,1666
1326,2318,1666
1327,2322,1664
1328,2321,1668
1329,2319,1666
1330,2324,1667
1331,2329,1665
1332,2334,1670
1333,2328,1671
1334,2329,1666
1335,2326,1670
1336,2326,1665
1337,2327,1669
1338,2332,1671
1339,2340,1670
1340,2336,1669
1341,2339,1670
1342,2334,1670
1343,2331,1665
1344,2336,1666
1345,2340,1668
1346,2338,1674
1347,2338,1678
1348,2337,1677
1349,2344,1678
1350,2338,1675
1351,2343,1672
1352,2346,1673
1353,2344,1675
1354,2341,1679
1355,2337,1677
1356,2336,1679
1357,2331,1685
1358,2332,1690
1359,2331,1696
1360,2337,1692
1361,2332,1696
1362,2330,1692
1363,2336,1691
1364,2331,1686
1365,2336,1689
1366,2330,1695
1367,2326,1700
1368,2328,1695
1369,2328,1690
1370,2335,1696
1371,2332,1691
1372,2327,1697
1373,2334,1703
1374,2334,1703
1375,2332,1706
1376,2340,1706
1377,2341,1703
1378,2344,1708
1379,2344,1703
1380,2343,1699
1381,2347,1701
1382,2350,1697
1383,2349,1699
1384,2353,1699
1385,2351,1695
1386,2346,1695
1387,2345,1690
1388,2344,1685
1389,2339,1680
1390,2339,1686
1391,2338,1692
1392,2339,1691
1393,2344,1686
1394,2347,1682
1395,2342,1683
1396,2347,1687
1397,2341,1690
1398,2340,1685
1399,2336,1687
1400,2338,1691
1401,2339,1687
1402,2335,1682
1403,2342,1681
1404,2343,1684
1405,2340,1681
1406,2345,1685
1407,2342,1681
1408,2348,1677
1409,2355,1683
1410,2354,1684
1411,2350,1684
1412,2351,1685
1413,2351,1690
1414,2356,1686
1415,2350,1683
1416,2351,1689
1417,2345,1686
1418,2353,1687
1419,2355,1690
1420,2360,1693
1421,2356,1693
1422,2353,1693
1423,2356,1689
1424,2356,1687
1425,2353,1687
1426,2349,1684
1427,2344,1683
1428,2347,1685
1429,2355,1682
1430,2353,1681
1431,2347,1686
1432,2345,1683
1433,2343,1683
1434,2344,1679
1435,2347,1684
1436,2341,1685
1437,2341,1691
1438,2349,1695
1439,2352,1699
1440,2357,1698
1441,2355,1698
1442,2359,1702
1443,2361,1704
1444,2364,1706
1445,2371,1712
1446,2372,1716
1447,2373,1711
1448,2378,1714
1449,2375,1720
1450,2380,1715
1451,2376,1713
1452,2384,1718
1453,2385,1717
1454,2380,1715
1455,2386,1718
1456,2384,1723
1457,2388,1719
1458,2391,1716
1459,2394,1719
1460,2398,1722
1461,2399,1727
1462,2396,1723
1463,2391,1721
1464,2391,1718
1465,2393,1722
1466,2398,1722
1467,2393,1725
1468,2389,1722
1469,2383,1723
1470,2391,1719
1471,2393,1722
1472,2396,1725
1473,2398,1723
1474,2401,1721
1475,2406,1722
1476,2411,1721
1477,2417,1717
1478,2412,1721
1479,2410,1726
1480,2414,1730
1481,2412,1729
1482,2413,1732
1483,2411,1729
1484,2406,1735
1485,2407,1738
1486,2411,1734
1487,2413,1734
1488,2416,1735
1489,2420,1734
1490,2419,1733
1491,2413,1735
1492,2421,1739
1493,2415,1738
1494,2415,1737
1495,2421,1739
1496,2425,1737
1497,2428,1732
1498,2435,1737
1499,2435,1737
1500,2429,1737
1501,2423,1740
1502,2426,1742
1503,2424,1747
1504,2422,1750
1505,2419,1748
1506,2417,1748
1507,2413,1746
1508,2418,1751
1509,2424,1746
1510,2423,1750
1511,2422,1754
1512,2423,1756
1513,2427,1762
1514,2422,1768
1515,2426,1772
1516,2420,1773
1517,2421,1775
1518,2415,1770
1519,2410,1772
1520,2415,1770
1521,2423,1774
1522,2418,1778
1523,2416,1780
1524,2417,1785
1525,2419,1785
1526,2425,1780
1527,2429,1783
1528,2427,1785
1529,2429,1785
1530,2428,1781
1531,2429,1778
1532,2424,1777
1533,2423,1774
1534,2429,1774
1535,2437,1775
1536,2435,1778
1537,2441,1775
1538,2445,1772
1539,2453,1773
1540,2460,1770
1541,2466,1775
1542,2464,1779
1543,2468,1781
1544,2467,1781
1545,2464,1784
1546,2459,1790
1547,2460,1790
1548,2467,1789
1549,2475,1789
1550,2469,1786
1551,2477,1791
1552,2480,1789
1553,2478,1793
1554,2484,1791
1555,2491,1793
1556,2497,1789
1557,2498,1790
1558,2498,1793
1559,2497,1798
1560,2494,1793
1561,2491,1789
1562,2494,1794
1563,2497,1791
1564,2494,1786
1565,2499,1788
1566,2496,1786
1567,2496,1782
1568,2492,1788
1569,2488,1789
1570,2496,1795
1571,2498,1800
1572,2505,1802
1573,2505,1804
1574,2502,1803
1575,2510,1801
1576,2510,1806
1577,2516,1804
1578,2523,1799
1579,2521,1795
1580,2519,1797
1581,2519,1797
1582,2517,1801
1583,2525,1800
1584,2520,1801
1585,2517,1800
1586,2522,1801
1587,2528,1803
1588,2529,1808
1589,2524,1812
1590,2532,1808
1591,2533,1812
1592,2534,1818
1593,2530,1823
1594,2532,1823
1595,2539,1823
1596,2544,1819
1597,2539,1814
1598,2533,1816
1599,2536,1818
1600,2533,1815
1601,2539,1814
1602,2542,1813
1603,2536,1811
1604,2531,1809
1605,2528,1811
1606,2531,1810
1607,2530,1811
1608,2536,1811
1609,2543,1814
1610,2542,1816
1611,2550,1814
1612,2544,1818
1613,2540,1823
1614,2547,1819
1615,2542,1819
1616,2543,1817
1617,2542,1814
1618,2539,1813
1619,2539,1813
1620,2544,1811
1621,2546,1817
1622,2547,1823
1623,2549,1828
1624,2544,1823
1625,2551,1820
1626,2554,1819
1627,2550,1818
1628,2552,1819
1629,2557,1824
1630,2564,1822
1631,2571,1827
1632,2568,1828
1633,2566,1826
1634,2561,1829
1635,2556,1830
1636,2563,1831
1637,2558,1830
1638,2557,1832
1639,2554,1831
1640,2549,1833
1641,2545,1831
1642,2547,1834
1643,2547,1831
1644,2549,1831
1645,2546,1829
1646,2549,1831
1647,2546,1837
1648,2547,1835
1649,2554,1833
1650,2560,1828
1651,2561,1833
1652,2555,1831
1653,2552,1830
1654,2549,1836
1655,2544,1834
1656,2548,1833
1657,2548,1839
1658,2550,1841
1659,2547,1844
1660,2552,1847
1661,2558,1845
1662,2555,1848
1663,2550,1854
1664,2548,1849
1665,2551,1850
1666,2552,1854
1667,2559,1860
1668,2557,1857
1669,2555,1853
1670,2553,1856
1671,2553,1855
1672,2551,1850
1673,2558,1854
1674,2560,1856
1675,2557,1857
1676,2559,1853
1677,2567,1850
1678,2571,1853
1679,2575,1850
1680,2576,1854
1681,2577,1850
1682,2575,1846
1683,2580,1852
1684,2588,1856
1685,2593,1858
1686,2589,1858
1687,2588,1855
1688,2584,1850
1689,2586,1853
1690,2584,1852
1691,2583,1847
1692,2585,1846
1693,2593,1842
1694,2590,1842
1695,2594,1838
1696,2600,1837
1697,2601,1836
1698,2608,1842
1699,2603,1844
1700,2607,1842
1701,2604,1843
1702,2604,1839
1703,2598,1836
1704,2601,1837
1705,2608,1841
1706,2616,1841
1707,2613,1840
1708,2621,1845
1709,2618,1841
1710,2625,1837
1711,2623,1842
1712,2620,1838
1713,2615,1837
1714,2617,1835
1715,2612,1837
1716,2612,1843
1717,2608,1848
1718,2602,1846
1719,2610,1844
1720,2615,1848
1721,2620,1853
1722,2626,1856
1723,2630,1859
1724,2638,1854
1725,2632,1854
1726,2627,1852
1727,2621,1852
1728,2622,1855
1729,2630,1857
1730,2635,1854
1731,2640,1853
1732,2643,1859
1733,2650,1856
1734,2644,1853
1735,2640,1855
1736,2640,1860
1737,2648,1860
1738,2645,1862
1739,2646,1863
1740,2653,1866
1741,2660,1872
1742,2665,1876
1743,2660,1881
1744,2666,1883
1745,2671,1883
1746,2675,1880
1747,2672,1878
1748,2667,1878
1749,2666,1880
1750,2668,1882
1751,2668,1879
1752,2668,1881
1753,2666,1876
1754,2673,1877
1755,2675,1874
1756,2674,1875
1757,2677,1878
1758,2685,1874
1759,2691,1876
1760,2689,1876
1761,2697,1882
1762,2697,1881
1763,2702,1884
1764,2706,1885
1765,2710,1882
1766,2718,1886
1767,2717,1883
1768,2713,1880
1769,2720,1884
1770,2726,1879
1771,2733,1882
1772,2727,1887
1773,2721,1883
1774,2722,1887
1775,2718,1888
1776,2713,1893
1777,2718,1895
1778,2721,1898
1779,2719,1896
1780,2727,1896
1781,2726,1892
1782,2725,1889
1783,2731,1889
1784,2726,1888
1785,2729,1884
1786,2733,1890
1787,2729,1888
1788,2734,1885
1789,2742,1889
1790,2745,1886
1791,2743,1891
1792,2739,1886
1793,2736,1883
1794,2737,1884
1795,2732,1885
1796,2726,1881
1797,2728,1886
1798,2723,1885
1799,2730,1891
1800,2730,1892
1801,2733,1893
1802,2733,1889
1803,2738,1891
1804,2735,1894
1805,2736,1899
1806,2738,1902
1807,2741,1908
1808,2747,1913
1809,2755,1908
1810,2757,1907
1811,2759,1910
1812,2753,1909
1813,2756,1907
1814,2754,1902
1815,2757,1904
1816,2761,1906
1817,2760,1906
1818,2757,1906
1819,2760,1903
1820,2755,1901
1821,2751,1903
1822,2756,1909
1823,2755,1905
1824,2762,1910
1825,2760,1915
1826,2764,1920
1827,2758,1917
1828,2756,1920
1829,2756,1923
1830,2750,1926
1831,2747,1921
1832,2753,1920
1833,2750,1926
1834,2746,1925
1835,2750,1931
1836,2747,1935
1837,2745,1939
1838,2753,1942
1839,2759,1947
1840,2759,1945
1841,2758,1951
1842,2758,1946
1843,2753,1945
1844,2757,1947
1845,2759,1953
1846,2759,1952
1847,2766,1952
1848,2768,1951
1849,2766,1953
1850,2760,1951
1851,2765,1946
1852,2769,1951
1853,2767,1955
1854,2768,1951
1855,2773,1955
1856,2767,1950
1857,2773,1949
1858,2768,1952
1859,2764,1958
1860,2772,1960
1861,2769,1959
1862,2764,1958
1863,2770,1959
1864,2771,1955
1865,2769,1958
1866,2769,1963
1867,2770,1965
1868,2771,1960
1869,2769,1961
1870,2774,1958
1871,2775,1959
1872,2775,1957
1873,2775,1952
1874,2782,1949
1875,2782,1946
1876,2780,1947
1877,2788,1953
1878,2786,1957
1879,2787,1952
1880,2788,1950
1881,2783,1945
1882,2784,1944
1883,2785,1950
1884,2788,1955
1885,2794,1954
1886,2792,1958
1887,2795,1964
1888,2793,1970
1889,2790,1965
1890,2784,1962
1891,2785,1963
1892,2789,1958
1893,2795,1961
1894,2798,1965
1895,2803,1967
1896,2797,1965
1897,2799,1969
1898,2799,1971
1899,2798,1972
1900,2798,1968
1901,2792,1970
1902,2799,1965
1903,2795,1962
1904,2794,1960
1905,2798,1965
1906,2793,1965
1907,2787,1968
1908,2785,1967
1909,2790,1970
1910,2787,1975
1911,2782,1977
1912,2782,1982
1913,2780,1979
1914,2787,1982
1915,2787,1987
1916,2782,1982
1917,2787,1977
1918,2794,1980
1919,2788,1985
1920,2782,1981
1921,2789,1978
1922,2796,1975
1923,2795,1976
1924,2800,1978
1925,2807,1983
1926,2808,1979
1927,2804,1985
1928,2811,1984
1929,2815,1987
1930,2815,1982
1931,2812,1988
1932,2810,1983
1933,2811,1987
1934,2818,1983
1935,2823,1982
1936,2817,1985
1937,2825,1981
1938,2821,1980
1939,2817,1975
1940,2822,1976
1941,2826,1974
1942,2830,1979
1943,2828,1975
1944,2833,1972
1945,2832,1973
1946,2837,1968
1947,2841,1966
1948,2841,1964
1949,2845,1960
1950,2849,1964
1951,2846,1966
1952,2846,1963
1953,2846,1966
1954,2849,1964
1955,2851,1969
1956,2849,1965
1957,2851,1970
1958,2857,1968
1959,2852,1971
1960,2860,1971
1961,2866,1976
1962,2869,1974
1963,2866,1976
1964,2872,1971
1965,2880,1974
1966,2874,1975
1967,2879,1975
1968,2883,1975
1969,2880,1973
1970,2880,1973
1971,2884,1977
1972,2888,1974
1973,2884,1974
1974,2892,1979
1975,2897,1979
1976,2900,1975
1977,2907,1971
1978,2911,1967
1979,2912,1967
1980,2911,1968
1981,2906,1966
1982,2900,1969
1983,2894,1970
1984,2893,1965
1985,2901,1964
1986,2904,1966
1987,2905,1964
1988,2899,1962
1989,2896,1958
1990,2892,1956
1991,2898,1961
1992,2896,1956
1993,2893,1952
1994,2892,1956
1995,2889,1957
1996,2892,1956
1997,2887,1961
1998,2891,1959
1999,2885,1954
2000,2886,1959
2001,2892,1959
2002,2896,1961
2003,2904,1966
2004,2910,1964
2005,2911,1959
2006,2918,1955
2007,2912,1961
2008,2908,1960
2009,2915,1961
2010,2916,1962
2011,2915,1958
2012,2921,1961
2013,2918,1967
2014,2918,1970
2015,2913,1976
2016,2920,1982
2017,2914,1982
2018,2914,1980
2019,2919,1984
2020,2925,1983
2021,2933,1982
2022,2938,1977
2023,2938,1975
2024,2935,1975
2025,2932,1976
2026,2932,1980
2027,2932,1981
2028,2938,1978
2029,2945,1983
2030,2951,1980
2031,2947,1976
2032,2944,1976
2033,2939,1974
2034,2933,1973
2035,2931,1978
2036,2932,1974
2037,2931,1973
2038,2927,1971
2039,2921,1973
2040,2919,1970
2041,2926,1974
2042,2924,1976
2043,2921,1982
2044,2927,1977
2045,2935,1973
2046,2934,1976
2047,2928,1974
2048,2936,1970
2049,2936,1974
2050,2939,1972
2051,2933,1968
2052,2936,1974
2053,2942,1974
2054,2944,1979
2055,2949,1978
2056,2951,1983
2057,2951,1978
2058,2947,1980
2059,2951,1982
2060,2951,1978
2061,2956,1977
2062,2961,1972
2063,2966,1973
2064,2974,1971
2065,2970,1977
2066,2968,1973
2067,2969,1975
2068,2966,1977
2069,2973,1981
2070,2981,1979
2071,2984,1985
2072,2990,1990
2073,2984,1991
2074,2982,1997
2075,2979,1994
2076,2977,1995
2077,2983,1993
2078,2985,1997
2079,2983,1994
2080,2982,1989
2081,2984,1988
2082,2980,1992
2083,2975,1991
2084,2973,1988
2085,2979,1991
2086,2979,1996
2087,2983,2000
2088,2986,1999
2089,2985,2002
2090,2985,2005
2091,2984,2002
2092,2980,2008
2093,2977,2012
2094,2980,2016
2095,2975,2019
2096,2981,2015
2097,2978,2017
2098,2984,2022
2099,2980,2024
2100,2983,2026
2101,2984,2021
2102,2986,2024
2103,2986,2023
2104,2987,2026
2105,2993,2030
2106,2997,2031
2107,2997,2032
2108,2999,2033
2109,2996,2033
2110,3001,2034
2111,2999,2040
2112,3001,2044
2113,3007,2043
2114,3011,2049
2115,3019,2047
2116,3017,2049
2117,3013,2048
2118,3013,2052
2119,3013,2056
2120,3010,2053
2121,3017,2059
2122,3015,2060
2123,3010,2062
2124,3014,2065
2125,3015,2063
2126,3013,2061
2127,3020,2062
2128,3020,2057
2129,3025,2063
2130,3026,2060
2131,3027,2057
2132,3024,2052
2133,3026,2051
2134,3022,2047
2135,3030,2047
2136,3029,2053
2137,3035,2048
2138,3037,2048
2139,3033,2053
2140,3039,2051
2141,3035,2047
2142,3032,2042
2143,3026,2037
2144,3021,2039
2145,3022,2044
2146,3022,2039
2147,3016,2042
2148,3016,2044
2149,3015,2048
2150,3013,2046
2151,3009,2050
2152,3010,2050
2153,3017,2047
2154,3024,2049
2155,3019,2045
2156,3022,2048
2157,3021,2046
2158,3018,2042
2159,3022,2044
2160,3021,2042
2161,3017,2041
2162,3015,2038
2163,3021,2038
2164,3029,2044
2165,3037,2042
2166,3035,2048
2167,3039,2045
2168,3043,2044
2169,3039,2041
2170,3039,2042
2171,3045,2041
2172,3053,2047
2173,3061,2050
2174,3060,2049
2175,3055,2052
2176,3053,2054
2177,3050,2054
2178,3055,2052
2179,3052,2054
2180,3060,2055
2181,3064,2059
2182,3059,2058
2183,3067,2056
2184,3068,2062
2185,3072,2061
2186,3072,2056
2187,3067,2057
2188,3070,2060
2189,3077,2066
2190,3085,2062
2191,3092,2066
2192,3092,2072
2193,3090,2077
2194,3094,2081
2195,3093,2077
2196,3100,2075
2197,3107,2075
2198,3112,2072
2199,3118,2071
2200,3120,2069
2201,3124,2067
2202,3127,2062
2203,3123,2066
2204,3130,2072
2205,3133,2067
2206,3138,2070
2207,3146,2066
2208,3149,2063
2209,3150,2067
2210,3147,2071
2211,3143,2069
2212,3138,2066
2213,3137,2062
2214,3144,2058
2215,3139,2053
2216,3144,2053
2217,3150,2056
2218,3149,2056
2219,3147,2058
2220,3155,2063
2221,3159,2069
2222,3157,2074
2223,3165,2078
2224,3164,2079
2225,3170,2076
2226,3175,2073
2227,3176,2076
2228,3184,2080
2229,3188,2075
2230,3189,2070
2231,3189,2071
2232,3193,2072
2233,3196,2067
2234,3204,2065
2235,3207,2071
2236,3211,2076
2237,3209,2075
2238,3212,2081
2239,3214,2084
2240,3221,2079
2241,3225,2082
2242,3232,2080
2243,3231,2086
2244,3236,2090
2245,3237,2089
2246,3243,2094
2247,3241,2095
2248,3238,2101
2249,3246,2101
2250,3248,2101
2251,3254,2099
2252,3254,2094
2253,3249,2089
2254,3245,2088
2255,3252,2093
2256,3249,2099
2257,3253,2100
2258,3250,2106
2259,3248,2104
2260,3255,2108
2261,3255,2111
2262,3254,2115
2263,3262,2111
2264,3270,2114
2265,3278,2117
2266,3275,2118
2267,3275,2117
2268,3279,2114
2269,3285,2109
2270,3280,2108
2271,3276,2114
2272,3270,2109
2273,3275,2108
2274,3269,2106
2275,3265,2112
2276,3272,2107
2277,3273,2113
2278,3274,2112
2279,3269,2117
2280,3271,2113
2281,3273,2115
2282,3268,2112
2283,3263,2107
2284,3271,2109
2285,3268,2108
2286,3276,2103
2287,3281,2098
2288,3282,2100
2289,3276,2104
2290,3282,2103
2291,3282,2103
2292,3278,2106
2293,3280,2112
2294,3285,2108
2295,3286,2103
2296,3285,2101
2297,3284,2099
2298,3286,2094
2299,3286,2092
2300,3285,2097
2301,3280,2103
2302,3280,2106
2303,3288,2108
2304,3285,2113
2305,3285,2112
2306,3288,2112
2307,3289,2115
2308,3291,2114
2309,3285,2109
2310,3280,2115
2311,3274,2116
2312,3269,2117
2313,3269,2122
2314,3277,2122
2315,3279,2117
2316,3280,2115
2317,3279,2112
2318,3287,2108
2319,3281,2113
2320,3289,2118
2321,3288,2118
2322,3291,2122
2323,3290,2120
2324,3294,2121
2325,3298,2123
2326,3302,2124
2327,3310,2125
2328,3307,2130
2329,3306,2134
2330,3307,2132
2331,3314,2134
2332,3313,2132
2333,3312,2136
2334,3312,2133
2335,3307,2138
2336,3310,2134
2337,3304,2140
2338,3298,2145
2339,3294,2147
2340,3294,2144
2341,3289,2150
2342,3296,2149
2343,3296,2146
2344,3291,2147
2345,3290,2150
2346,3291,2150
2347,3293,2146
2348,3288,2146
2349,3295,2142
2350,3293,2139
2351,3289,2144
2352,3297,2146
2353,3301,2145
2354,3298,2144
2355,3301,2147
2356,3307,2149
2357,3304,2155
2358,3304,2157
2359,3306,2161
2360,3300,2163
2361,3305,2159
2362,3312,2163
2363,3309,2169
2364,3313,2167
2365,3312,2169
2366,3308,2169
2367,3310,2175
2368,3311,2181
2369,3306,2176
2370,3313,2179
2371,3311,2185
2372,3306,2180
2373,3307,2179
2374,3309,2176
2375,3317,2176
2376,3314,2178
2377,3321,2184
2378,3321,2190
2379,3320,2195
2380,3314,2193
2381,3316,2193
2382,3316,2197
2383,3323,2200
2384,3317,2195
2385,3325,2200
2386,3319,2197
2387,3320,2197
2388,3319,2195
2389,3319,2198
2390,3316,2193
2391,3318,2196
2392,3326,2198
2393,3322,2198
2394,3322,2204
2395,3324,2203
2396,3322,2204
2397,3330,2199
2398,3335,2202
2399,3338,2199
2400,3343,2194
2401,3339,2194
2402,3342,2190
2403,3343,2186
2404,3342,2183
2405,3344,2182
2406,3350,2183
2407,3353,2182
2408,3350,2181
2409,3358,2180
2410,3353,2182
2411,3351,2182
2412,3347,2182
2413,3349,2185
2414,3347,2191
2415,3345,2189
2416,3341,2188
2417,3347,2192
2418,3346,2187
2419,3350,2188
2420,3352,2192
2421,3347,2189
2422,3348,2188
2423,3345,2188
2424,3343,2192
2425,3339,2192
2426,3338,2194
2427,3339,2200
2428,3342,2199
2429,3346,2198
2430,3353,2202
2431,3349,2202
2432,3352,2207
2433,3357,2203
2434,3363,2207
2435,3363,2211
2436,3360,2208
2437,3363,2208
2438,3366,2209
2439,3370,2208
2440,3375,2210
2441,3369,2212
2442,3364,2207
2443,3366,2204
2444,3374,2209
2445,3368,2207
2446,3371,2203
2447,3375,2202
2448,3370,2199
2449,3372,2202
2450,3376,2202
2451,3384,2201
2452,3384,2206
2453,3388,2207
2454,3390,2204
2455,3395,2202
2456,3395,2205
2457,3399,2208
2458,3397,2211
2459,3405,2208
2460,3401,2211
2461,3396,2206
2462,3398,2206
2463,3401,2211
2464,3402,2217
2465,3402,2212
2466,3410,2218
2467,3405,2213
2468,3409,2216
2469,3403,2213
2470,3404,2218
2471,3398,2221
2472,3393,2216
2473,3399,2211
2474,3400,2217
2475,3401,2217
2476,3407,2217
2477,3403,2213
2478,3406,2213
2479,3404,2212
2480,3409,2209
2481,3413,2205
2482,3414,2211
2483,3411,2217
2484,3406,2212
2485,3409,2216
2486,3414,2217
2487,3416,2223
2488,3411,2224
2489,3411,2226
2490,3405,2226
2491,3412,2222
2492,3410,2217
2493,3418,2220
2494,3419,2221
2495,3418,2226
2496,3422,2232
2497,3422,2228
2498,3427,2224
2499,3424,2230
2500,3432,2229
2501,3435,2224
2502,3438,2224
2503,3445,2227
2504,3445,2227
2505,3445,2223
2506,3439,2221
2507,3446,2220
2508,3449,2219
2509,3455,2222
2510,3461,2228
2511,3462,2233
2512,3461,2229
2513,3463,2233
2514,3462,2238
2515,3463,2238
2516,3465,2233
2517,3465,2239
2518,3461,2234
2519,3467,2231
2520,3475,2235
2521,3480,2239
2522,3486,2236
2523,3493,2239
2524,3497,2238
2525,3505,2241
2526,3505,2241
2527,3505,2242
2528,3503,2246
2529,3509,2245
2530,3510,2242
2531,3511,2242
2532,3508,2242
2533,3510,2240
2534,3515,2236
2535,3512,2233
2536,3519,2228
2537,3525,2224
2538,3522,2226
2539,3528,2222
2540,3532,2227
2541,3529,2232
2542,3524,2237
2543,3526,2233
2544,3521,2228
2545,3520,2234
2546,3528,2239
2547,3534,2238
2548,3529,2234
2549,3528,2229
2550,3527,2235
2551,3525,2234
2552,3524,2238
2553,3521,2237
2554,3520,2232
2555,3519,2234
2556,3518,2238
2557,3512,2236
2558,3510,2231
2559,3506,2233
2560,3501,2232
2561,3500,2235
2562,3501,2236
2563,3495,2242
2564,3491,2248
2565,3490,2243
2566,3484,2243
2567,3491,2245
2568,3498,2249
2569,3496,2252
2570,3504,2252
2571,3504,2255
2572,3500,2252
2573,3504,2257
2574,3508,2262
2575,3503,2264
2576,3499,2270
2577,3504,2266
2578,3511,2261
2579,3510,2260
2580,3517,2260
2581,3513,2260
2582,3516,2257
2583,3513,2259
2584,3521,2262
2585,3528,2262
2586,3529,2263
2587,3537,2258
2588,3535,2254
2589,3543,2260
2590,3550,2260
2591,3551,2255
2592,3559,2257
2593,3557,2252
2594,3553,2251
2595,3548,2249
2596,3551,2254
2597,3553,2252
2598,3557,2254
2599,3552,2253
2600,3555,2255
2601,3557,2252
2602,3553,2257
2603,3561,2261
2604,3557,2257
2605,3559,2253
2606,3566,2259
2607,3570,2261
2608,3576,2260
2609,3574,2261
2610,3573,2267
2611,3577,2265
2612,3585,2267
2613,3579,2270
2614,3577,2265
2615,3583,2265
2616,3580,2266
2617,3583,2264
2618,3577,2268
2619,3572,2267
2620,3569,2263
2621,3571,2259
2622,3566,2259
2623,3571,2265
2624,3576,2265
2625,3575,2264
2626,3583,2269
2627,3577,2269
2628,3578,2271
2629,3573,2273
2630,3574,2268
2631,3573,2273
2632,3573,2273
2633,3580,2269
2634,3576,2273
2635,3571,2275
2636,3568,2275
2637,3568,2275
2638,3562,2273
2639,3556,2273
2640,3563,2272
2641,3563,2268
2642,3567,2272
2643,3567,2272
2644,3572,2276
2645,3572,2280
2646,3580,2277
2647,3581,2274
2648,3583,2275
2649,3582,2277
2650,3580,2277
2651,3581,2276
2652,3587,2271
2653,3585,2271
2654,3587,2273
2655,3592,2269
2656,3592,2274
2657,3599,2276
2658,3596,2277
2659,3590,2274
2660,3597,2277
2661,3593,2273
2662,3587,2268
2663,3585,2267
2664,3589,2268
2665,3590,2271
2666,3584,2271
2667,3582,2270
2668,3579,2272
2669,3584,2274
2670,3578,2270
2671,3578,2276
2672,3580,2272
2673,3588,2278
2674,3595,2273
2675,3593,2271
2676,3587,2269
2677,3585,2264
2678,3584,2267
2679,3581,2266
2680,3583,2271
2681,3577,2270
2682,3583,2269
2683,3579,2268
2684,3580,2266
2685,3578,2263
2686,3572,2266
2687,3577,2268
2688,3573,2271
2689,3578,2270
2690,3577,2270
2691,3579,2272
2692,3580,2271
2693,3586,2276
2694,3591,2273
2695,3596,2275
2696,3596,2276
2697,3597,2271
2698,3597,2266
2699,3604,2263
2700,3607,2261
2701,3607,2258
2702,3603,2262
2703,3608,2263
2704,3614,2268
2705,3613,2266
2706,3614,2269
2707,3616,2274
2708,3611,2275
2709,3609,2280
2710,3605,2282
2711,3612,2287
2712,3613,2290
2713,3616,2295
2714,3620,2296
2715,3616,2293
2716,3610,2292
2717,3611,2288
2718,3618,2288
2719,3622,2290
2720,3627,2285
2721,3628,2289
2722,3629,2292
2723,3629,2288
2724,3631,2294
2725,3631,2289
2726,3639,2285
2727,3642,2280
2728,3644,2278
2729,3652,2276
2730,3651,2274
2731,3656,2274
2732,3658,2276
2733,3653,2271
2734,3651,2269
2735,3646,2267
2736,3640,2266
2737,3640,2261
2738,3645,2261
2739,3644,2265
2740,3648,2263
2741,3642,2258
2742,3646,2254
2743,3652,2260
2744,3649,2259
2745,3653,2257
2746,3657,2255
2747,3663,2260
2748,3657,2262
2749,3664,2258
2750,3668,2259
2751,3668,2259
2752,3668,2258
2753,3665,2259
2754,3661,2264
2755,3660,2268
2756,3667,2272
2757,3661,2270
2758,3669,2271
2759,3676,2271
2760,3682,2273
2761,3686,2279
2762,3693,2281
2763,3700,2276
2764,3705,2276
2765,3702,2277
2766,3706,2276
2767,3704,2282
2768,3709,2288
2769,3709,2291
2770,3704,2289
2771,3707,2285
2772,3714,2284
2773,3719,2280
2774,3716,2282
2775,3718,2283
2776,3713,2288
2777,3720,2289
2778,3717,2293
2779,3717,2289
2780,3723,2295
2781,3724,2299
2782,3727,2297
2783,3724,2298
2784,3732,2302
2785,3732,2300
2786,3732,2305
2787,3727,2307
2788,3724,2313
2789,3727,2315
2790,3724,2318
2791,3728,2319
2792,3729,2317
2793,3726,2321
2794,3721,2316
2795,3720,2315
2796,3728,2310
2797,3730,2308
2798,3724,2308
2799,3720,2313
2800,3718,2309
2801,3718,2315
2802,3713,2319
2803,3708,2325
2804,3716,2327
2805,3717,2332
2806,3721,2334
2807,3722,2333
2808,3729,2330
2809,3727,2333
2810,3735,2338
2811,3730,2333
2812,3737,2333
2813,3745,2330
2814,3744,2326
2815,3748,2326
2816,3755,2324
2817,3756,2326
2818,3756,2326
2819,3755,2323
2820,3758,2322
2821,3762,2327
2822,3767,2332
2823,3766,2330
2824,3761,2330
2825,3755,2330
2826,3758,2333
2827,3766,2334
2828,3768,2331
2829,3771,2336
2830,3775,2333
2831,3776,2328
2832,3784,2330
2833,3784,2333
2834,3790,2335
2835,3791,2330
2836,3786,2331
2837,3788,2336
2838,3791,2331
2839,3791,2327
2840,3790,2326
2841,3794,2328
2842,3790,2327
2843,3795,2323
2844,3800,2319
2845,3802,2320
2846,3796,2316
2847,3796,2311
2848,3799,2314
2849,3806,2312
2850,3800,2316
2851,3798,2320
2852,3793,2320
2853,3791,2325
2854,3785,2329
2855,3787,2334
2856,3791,2338
2857,3789,2337
2858,3787,2332
2859,3784,2334
2860,3782,2334
2861,3784,2337
2862,3778,2339
2863,3783,2334
2864,3782,2333
2865,3778,2332
2866,3777,2332
2867,3776,2328
2868,3773,2326
2869,3769,2324
2870,3767,2320
2871,3771,2325
2872,3772,2331
2873,3766,2336
2874,3770,2338
2875,3764,2333
2876,3763,2334
2877,3770,2333
2878,3773,2333
2879,3781,2335
2880,3783,2337
2881,3789,2340
2882,3791,2335
2883,3798,2338
2884,3800,2339
2885,3804,2342
2886,3808,2338
2887,3813,2337
2888,3818,2338
2889,3826,2334
2890,3834,2337
2891,3837,2338
2892,3837,2340
2893,3837,2336
2894,3834,2332
2895,3828,2335
2896,3826,2330
2897,3820,2327
2898,3823,2330
2899,3822,2328
2900,3824,2333
2901,3826,2334
2902,3827,2336
2903,3823,2341
2904,3822,2339
2905,3825,2339
2906,3830,2341
2907,3832,2337
2908,3830,2334
2909,3827,2329
2910,3827,2332
2911,3822,2335
2912,3819,2332
2913,3821,2330
2914,3820,2327
2915,3817,2331
2916,3821,2335
2917,3820,2338
2918,3815,2340
2919,3815,2340
2920,3817,2338
2921,3820,2335
2922,3819,2330
2923,3823,2327
2924,3821,2323
2925,3815,2323
2926,3811,2319
2927,3806,2318
2928,3805,2313
2929,3805,2312
2930,3805,2313
2931,3813,2313
2932,3810,2317
2933,3812,2321
2934,3813,2317
2935,3807,2323
2936,3813,2327
2937,3808,2328
2938,3808,2333
2939,3815,2332
2940,3809,2328
2941,3803,2327
2942,3809,2325
2943,3813,2320
2944,3811,2325
2945,3810,2326
2946,3813,2331
2947,3821,2337
2948,3815,2339
2949,3818,2343
2950,3821,2349
2951,3822,2347
2952,3819,2345
2953,3826,2342
2954,3832,2343
2955,3832,2341
2956,3837,2342
2957,3843,2348
2958,3846,2343
2959,3851,2349
2960,3847,2353
2961,3852,2359
2962,3858,2355
2963,3862,2354
2964,3860,2351
2965,3862,2354
2966,3870,2359
2967,3867,2365
2968,3863,2369
2969,3871,2372
2970,3875,2374
2971,3871,2377
2972,3878,2381
2973,3885,2384
2974,3883,2379
2975,3886,2383
2976,3890,2378
2977,3894,2379
2978,3902,2381
2979,3904,2384
2980,3900,2379
2981,3907,2381
2982,3912,2378
2983,3919,2382
2984,3917,2381
2985,3914,2382
2986,3916,2377
2987,3918,2373
2988,3919,2376
2989,3923,2373
2990,3924,2375
2991,3922,2378
2992,3920,2381
2993,3923,2380
2994,3923,2386
2995,3922,2384
2996,3930,2383
2997,3931,2380
2998,3925,2380
2999,3927,2377
3000,3929,2372
3001,3934,2369
3002,3932,2375
3003,3939,2371
3004,3933,2372
3005,3935,2369
3006,3941,2371
3007,3936,2367
3008,3930,2369
3009,3926,2375
3010,3934,2377
3011,3936,2382
3012,3932,2380
3013,3930,2383
3014,3934,2385
3015,3930,2385
3016,3928,2387
3017,3928,2391
3018,3924,2392
3019,3921,2393
3020,3923,2389
3021,3920,2391
3022,3923,2387
3023,3917,2392
3024,3922,2392
3025,3921,2397
3026,3922,2396
3027,3925,2391
3028,3921,2391
3029,3928,2389
3030,3923,2388
3031,3930,2391
3032,3936,2391
3033,3930,2393
3034,3931,2396
3035,3928,2399
3036,3935,2397
3037,3933,2398
3038,3932,2395
3039,3933,2390
3040,3930,2396
3041,3927,2395
3042,3924,2393
3043,3924,2394
3044,3920,2390
3045,3916,2390
3046,3912,2396
3047,3916,2399
3048,3916,2400
3049,3912,2399
3050,3912,2403
3051,3907,2407
3052,3902,2412
3053,3899,2418
3054,3906,2413
3055,3901,2411
3056,3900,2417
3057,3901,2415
3058,3902,2415
3059,3904,2419
3060,3908,2421
3061,3904,2420
3062,3904,2419
3063,3912,2419
3064,3913,2420
3065,3908,2420
3066,3915,2422
3067,3918,2427
3068,3918,2433
3069,3914,2437
3070,3915,2438
3071,3917,2442
3072,3914,2447
3073,3914,2442
3074,3913,2447
3075,3909,2451
3076,3905,2455
3077,3913,2459
3078,3910,2463
3079,3916,2466
3080,3924,2468
3081,3929,2465
3082,3923,2471
3083,3930,2474
3084,3931,2472
3085,3937,2472
3086,3938,2477
3087,3942,2477
3088,3950,2482
3089,3957,2479
3090,3956,2483
3091,3960,2486
3092,3956,2492
3093,3964,2488
3094,3967,2484
3095,3971,2490
3096,3974,2492
3097,3973,2491
3098,3975,2497
3099,3976,2502
3100,3974,2503
3101,3977,2503
3102,3971,2506
3103,3967,2511
3104,3973,2508
3105,3978,2512
3106,3976,2510
3107,3975,2514
3108,3980,2516
3109,3985,2517
3110,3988,2520
3111,3984,2518
3112,3987,2518
3113,3990,2523
3114,3991,2526
3115,3993,2530
3116,3992,2530
3117,3989,2527
3118,3986,2528
3119,3983,2523
3120,3978,2520
3121,3981,2519
3122,3979,2519
3123,3987,2523
3124,3994,2519
3125,3992,2520
3126,3997,2515
3127,3992,2521
3128,4000,2519
3129,4008,2518
3130,4016,2515
3131,4018,2512
3132,4023,2513
3133,4022,2508
3134,4018,2510
3135,4017,2515
3136,4017,2510
3137,4015,2509
3138,4021,2510
3139,4025,2511
3140,4032,2511
3141,4028,2517
3142,4031,2519
3143,4038,2516
3144,4036,2517
3145,4038,2521
3146,4045,2523
3147,4041,2527
3148,4035,2526
3149,4030,2529
3150,4035,2532
3151,4029,2535
3152,4036,2536
3153,4043,2533
3154,4046,2533
3155,4042,2534
3156,4038,2535
3157,4039,2534
3158,4043,2532
3159,4045,2536
3160,4044,2539
3161,4043,2543
3162,4038,2546
3163,4042,2543
3164,4043,2545
3165,4039,2544
3166,4037,2549
3167,4034,2549
3168,4042,2545
3169,4047,2547
3170,4046,2552
3171,4043,2558
3172,4051,2560
3173,4048,2563
3174,4050,2569
3175,4058,2564
3176,4060,2569
3177,4063,2570
3178,4069,2568
3179,4072,2563
3180,4070,2562
3181,4067,2558
3182,4069,2556
3183,4067,2560
3184,4069,2555
3185,4072,2553
3186,4071,2548
3187,4074,2545
3188,4073,2540
3189,4077,2543
3190,4080,2547
3191,4085,2548
3192,4079,2543
3193,4081,2544
3194,4078,2549
3195,4080,2551
3196,4077,2555
3197,4080,2554
3198,4081,2555
3199,4078,2552
3200,4081,2548
3201,4087,2551
3202,4087,2550
3203,4092,2546
3204,4094,2548
3205,4101,2544
3206,4107,2541
3207,4108,2540
3208,4102,2542
3209,4107,2538
3210,4109,2540
3211,4115,2545
3212,4111,2547
3213,4110,2547
3214,4112,2549
3215,4110,2547
3216,4114,2548
3217,4113,2544
3218,4120,2540
3219,4124,2542
3220,4118,2546
3221,4122,2552
3222,4127,2555
3223,4130,2554
3224,4138,2549
3225,4141,2545
3226,4147,2551
3227,4150,2555
3228,4147,2556
3229,4151,2552
3230,4148,2548
3231,4144,2546
3232,4140,2546
3233,4145,2546
3234,4149,2548
3235,4148,2545
3236,4148,2550
3237,4146,2553
3238,4144,2555
3239,4141,2561
3240,4142,2559
3241,4150,2556
3242,4145,2561
3243,4150,2566
3244,4149,2567
3245,4155,2567
3246,4162,2570
3247,4165,2565
3248,4160,2570
3249,4154,2575
3250,4156,2581
3251,4160,2587
3252,4167,2582
3253,4166,2584
3254,4162,2581
3255,4166,2577
3256,4161,2581
3257,4163,2577
3258,4171,2579
3259,4173,2575
3260,4180,2581
3261,4176,2586
3262,4180,2590
3263,4184,2591
3264,4189,2597
3265,4194,2600
3266,4197,2602
3267,4197,2604
3268,4193,2606
3269,4189,2606
3270,4186,2610
3271,4186,2606
3272,4180,2612
3273,4183,2613
3274,4177,2618
3275,4177,2618
3276,4180,2614
3277,4181,2614
3278,4187,2611
3279,4195,2617
3280,4192,2618
3281,4190,2616
3282,4192,2613
3283,4188,2613
3284,4188,2616
3285,4192,2621
3286,4186,2625
3287,4184,2630
3288,4191,2627
3289,4190,2629
3290,4190,2634
3291,4184,2630
3292,4191,2631
3293,4198,2634
3294,4205,2640
3295,4212,2637
3296,4207,2641
3297,4205,2639
3298,4200,2643
3299,4197,2639
3300,4196,2643
3301,4203,2638
3302,4201,2641
3303,4206,2642
3304,4208,2643
3305,4203,2640
3306,4210,2646
3307,4211,2647
3308,4218,2644
3309,4220,2642
3310,4214,2640
3311,4215,2635
3312,4213,2639
3313,4213,2642
3314,4207,2645
3315,4214,2648
3316,4220,2645
3317,4216,2648
3318,4215,2653
3319,4223,2649
3320,4230,2647
3321,4225,2647
3322,4221,2643
3323,4218,2643
3324,4223,2647
3325,4230,2647
3326,4232,2645
3327,4235,2645
3328,4237,2649
3329,4232,2653
3330,4238,2655
3331,4237,2653
3332,4233,2656
3333,4232,2656
3334,4228,2661
3335,4233,2662
3336,4241,2659
3337,4236,2658
3338,4232,2661
3339,4238,2667
3340,4232,2667
3341,4231,2671
3342,4229,2676
3343,4235,2678
3344,4243,2676
3345,4243,2680
3346,4245,2686
3347,4240,2687
3348,4241,2689
3349,4240,2689
3350,4240,2686
3351,4245,2687
3352,4243,2686
3353,4240,2682
3354,4235,2681
3355,4239,2677
3356,4235,2676
3357,4237,2678
3358,4235,2680
3359,4231,2684
3360,4230,2681
3361,4229,2683
3362,4226,2684
3363,4230,2682
3364,4234,2681
3365,4234,2683
3366,4242,2684
3367,4250,2679
3368,4251,2685
3369,4248,2680
3370,4243,2682
3371,4238,2684
3372,4242,2679
3373,4244,2685
3374,4246,2683
3375,4249,2681
3376,4246,2686
3377,4253,2692
3378,4253,2687
3379,4249,2683
3380,4250,2680
3381,4249,2682
3382,4249,2680
3383,4249,2682
3384,4253,2685
3385,4248,2685
3386,4252,2684
3387,4254,2680
3388,4260,2678
3389,4261,2677
3390,4256,2673
3391,4255,2676
3392,4259,2681
3393,4257,2677
3394,4261,2676
3395,4259,2672
3396,4266,2674
3397,4265,2673
3398,4271,2677
3399,4279,2676
3400,4280,2675
3401,4276,2677
3402,4272,2683
3403,4274,2681
3404,4270,2684
3405,4268,2682
3406,4271,2679
3407,4270,2678
3408,4270,2677
3409,4274,2676
3410,4269,2673
3411,4270,2679
3412,4265,2684
3413,4273,2690
3414,4279,2687
3415,4285,2685
3416,4293,2690
3417,4291,2694
3418,4288,2690
3419,4282,2689
3420,4276,2688
3421,4280,2692
3422,4275,2693
3423,4274,2690
3424,4273,2692
3425,4278,2691
3426,4273,2697
3427,4271,2703
3428,4273,2701
3429,4278,2696
3430,4275,2692
3431,4283,2698
3432,4291,2693
3433,4293,2699
3434,4289,2695
3435,4289,2699
3436,4288,2700
3437,4296,2705
3438,4290,2700
3439,4294,2702
3440,4289,2705
3441,4297,2710
3442,4303,2716
3443,4301,2719
3444,4301,2725
3445,4301,2729
3446,4296,2727
3447,4290,2727
3448,4290,2725
3449,4286,2720
3450,4280,2717
3451,4286,2717
3452,4293,2717
3453,4291,2721
3454,4288,2717
3455,4296,2721
3456,4293,2721
3457,4292,2719
3458,4289,2720
3459,4283,2720
3460,4291,2721
3461,4296,2717
3462,4300,2715
3463,4301,2720
3464,4306,2717
3465,4305,2714
3466,4299,2711
3467,4301,2713
3468,4304,2711
3469,4312,2707
3470,4310,2709
3471,4317,2710
3472,4321,2713
3473,4328,2714
3474,4327,2718
3475,4325,2718
3476,4320,2717
3477,4324,2721
3478,4318,2724
3479,4321,2730
3480,4318,2731
3481,4316,2737
3482,4320,2738
3483,4324,2740
3484,4327,2737
3485,4331,2742
3486,4331,2747
3487,4329,2746
3488,4326,2741
3489,4325,2744
3490,4327,2745
3491,4333,2748
3492,4329,2748
3493,4331,2747
3494,4332,2750
3495,4340,2756
3496,4337,2753
3497,4336,2754
3498,4344,2757
3499,4352,2758
3500,4349,2760
3501,4346,2766
3502,4341,2771
3503,4337,2777
3504,4333,2774
3505,4335,2773
3506,4343,2768
3507,4350,2771
3508,4353,2772
3509,4347,2769
3510,4348,2772
3511,4343,2767
3512,4341,2771
3513,4346,2772
3514,4342,2769
3515,4347,2770
3516,4352,2774
3517,4355,2777
3518,4363,2778
3519,4363,2777
3520,4357,2774
3521,4352,2772
3522,4352,2772
3523,4356,2775
3524,4353,2772
3525,4357,2775
3526,4359,2778
3527,4354,2784
3528,4349,2782
3529,4344,2777
3530,4349,2772
3531,4357,2770
3532,4357,2766
3533,4358,2766
3534,4353,2761
3535,4350,2766
3536,4358,2768
3537,4353,2769
3538,4352,2774
3539,4351,2778
3540,4358,2784
3541,4365,2786
3542,4360,2789
3543,4354,2790
3544,4362,2794
3545,4365,2799
3546,4365,2804
3547,4359,2801
3548,4367,2806
3549,4374,2806
3550,4375,2803
3551,4373,2804
3552,4369,2805
3553,4376,2803
3554,4372,2805
3555,4368,2808
3556,4371,2803
3557,4375,2801
3558,4374,2800
3559,4371,2796
3560,4377,2802
3561,4374,2807
3562,4370,2812
3563,4376,2812
3564,4373,2816
3565,4379,2811
3566,4376,2815
3567,4372,2811
3568,4380,2810
3569,4382,2811
3570,4383,2812
3571,4382,2807
3572,4387,2812
3573,4392,2814
3574,4397,2820
3575,4405,2825
3576,4412,2830
3577,4419,2836
3578,4427,2835
3579,4421,2840
3580,4416,2836
3581,4419,2841
3582,4417,2846
3583,4424,2845
3584,4421,2849
3585,4416,2851
3586,4416,2854
3587,4414,2860
3588,4411,2856
3589,4408,2860
3590,4403,2859
3591,4397,2856
3592,4405,2853
3593,4411,2851
3594,4415,2857
3595,4415,2857
3596,4417,2860
3597,4421,2855
3598,4417,2857
3599,4425,2863
3600,4424,2868
3601,4421,2873
3602,4419,2869
3603,4413,2867
3604,4417,2865
3605,4425,2862
3606,4429,2859
3607,4436,2860
3608,4437,2859
3609,4442,2860
3610,4445,2861
3611,4451,2866
3612,4448,2861
3613,4449,2866
3614,4448,2862
3615,4451,2860
3616,4445,2857
3617,4448,2858
3618,4442,2861
3619,4436,2863
3620,4443,2864
3621,4450,2865
3622,4455,2865
3623,4451,2868
3624,4455,2867
3625,4454,2865
3626,4454,2870
3627,4454,2875
3628,4458,2873
3629,4466,2868
3630,4473,2863
3631,4475,2868
3632,4475,2867
3633,4471,2868
3634,4470,2874
3635,4470,2880
3636,4471,2881
3637,4475,2882
3638,4475,2884
3639,4477,2885
3640,4473,2890
3641,4476,2895
3642,4480,2894
3643,4479,2894
3644,4474,2895
3645,4468,2898
3646,4472,2902
3647,4471,2899
3648,4479,2898
3649,4480,2904
3650,4486,2900
3651,4488,2901
3652,4488,2902
3653,4496,2902
3654,4503,2901
3655,4506,2900
3656,4502,2905
3657,4501,2904
3658,4507,2900
3659,4511,2898
3660,4509,2896
3661,4508,2894
3662,4507,2889
3663,4503,2892
3664,4511,2896
3665,4510,2900
3666,4514,2895
3667,4518,2900
3668,4524,2900
3669,4532,2905
3670,4539,2904
3671,4537,2903
3672,4543,2899
3673,4548,2903
3674,4554,2900
3675,4548,2899
3676,4543,2904
3677,4543,2901
3678,4537,2897
3679,4536,2897
3680,4544,2894
3681,4541,2889
3682,4547,2895
3683,4552,2901
3684,4557,2907
3685,4557,2912
3686,4558,2915
3687,4556,2921
3688,4559,2926
3689,4562,2926
3690,4563,2921
3691,4571,2916
3692,4573,2912
3693,4571,2916
3694,4576,2916
3695,4571,2911
3696,4567,2909
3697,4570,2908
3698,4572,2912
3699,4568,2913
3700,4576,2909
3701,4571,2914
3702,4568,2916
3703,4565,2918
3704,4561,2916
3705,4557,2916
3706,4559,2914
3707,4562,2909
3708,4563,2912
3709,4559,2918
3710,4561,2920
3711,4567,2920
3712,4570,2924
3713,4572,2928
3714,4578,2926
3715,4583,2931
3716,4589,2936
3717,4587,2941
3718,4588,2940
3719,4589,2946
3720,4583,2948
3721,4583,2950
3722,4590,2956
3723,4592,2955
3724,4596,2960
3725,4596,2962
3726,4593,2965
3727,4594,2964
3728,4594,2961
3729,4595,2965
3730,4603,2963
3731,4597,2967
3732,4593,2965
3733,4588,2962
3734,4594,2962
3735,4588,2958
3736,4592,2959
3737,4590,2958
3738,4587,2964
3739,4592,2969
3740,4596,2971
3741,4596,2975
3742,4599,2972
3743,4593,2968
3744,4597,2974
3745,4605,2979
3746,4608,2979
3747,4614,2978
3748,4621,2982
3749,4625,2978
3750,4619,2982
3751,4622,2979
3752,4622,2985
3753,4623,2983
3754,4624,2978
3755,4628,2974
3756,4635,2969
3757,4629,2969
3758,4632,2968
3759,4629,2963
3760,4631,2961
3761,4639,2958
3762,4642,2958
3763,4636,2955
3764,4644,2950
3765,4650,2950
3766,4647,2953
3767,4644,2955
3768,4646,2960
3769,4649,2964
3770,4651,2966
3771,4652,2961
3772,4651,2961
3773,4645,2963
3774,4641,2958
3775,4645,2959
3776,4642,2956
3777,4647,2953
3778,4644,2951
3779,4646,2952
3780,4652,2949
3781,4652,2954
3782,4659,2953
3783,4660,2958
3784,4657,2958
3785,4653,2956
3786,4655,2955
3787,4654,2961
3788,4652,2959
3789,4647,2954
3790,4643,2958
3791,4638,2957
3792,4645,2955
3793,4648,2953
3794,4650,2950
3795,4645,2956
3796,4642,2953
3797,4637,2957
3798,4641,2958
3799,4647,2953
3800,4644,2952
3801,4642,2956
3802,4649,2960
3803,4646,2958
3804,4647,2957
3805,4655,2956
3806,4655,2958
3807,4649,2956
3808,4654,2958
3809,4652,2961
3810,4655,2961
3811,4656,2960
3812,4662,2964
3813,4670,2965
3814,4665,2960
3815,4664,2959
3816,4668,2959
3817,4676,2959
3818,4676,2964
3819,4674,2970
3820,4676,2966
3821,4682,2967
3822,4684,2968
3823,4691,2969
3824,4695,2964
3825,4701,2965
3826,4704,2970
3827,4708,2975
3828,4714,2976
3829,4713,2981
3830,4709,2984
3831,4715,2989
3832,4717,2985
3833,4721,2991
3834,4716,2987
3835,4712,2991
3836,4720,2996
3837,4725,3001
3838,4733,3007
3839,4738,3012
3840,4737,3012
3841,4745,3012
3842,4746,3015
3843,4748,3010
3844,4742,3012
3845,4744,3018
3846,4738,3013
3847,4740,3011
3848,4746,3008
3849,4743,3007
3850,4739,3008
3851,4736,3012
3852,4744,3015
3853,4742,3010
3854,4738,3011
3855,4737,3010
3856,4735,3009
3857,4738,3006
3858,4742,3010
3859,4738,3007
3860,4738,3009
3861,4738,3007
3862,4741,3003
3863,4736,3009
3864,4734,3010
3865,4739,3010
3866,4742,3016
3867,4749,3017
3868,4757,3014
3869,4765,3010
3870,4767,3013
3871,4769,3012
3872,4767,3010
3873,4762,3014
3874,4766,3019
3875,4767,3018
3876,4764,3019
3877,4769,3015
3878,4766,3019
3879,4762,3017
3880,4767,3020
3881,4769,3017
3882,4776,3021
3883,4774,3016
3884,4776,3016
3885,4780,3021
3886,4784,3021
3887,4792,3020
3888,4799,3021
3889,4803,3017
3890,4807,3016
3891,4809,3015
3892,4805,3010
3893,4805,3008
3894,4807,3009
3895,4811,3012
3896,4810,3014
3897,4808,3011
3898,4805,3008
3899,4801,3011
3900,4798,3014
3901,4798,3018
3902,4792,3023
3903,4790,3019
3904,4795,3016
3905,4801,3017
3906,4809,3015
3907,4816,3018
3908,4816,3019
3909,4812,3016
3910,4806,3019
3911,4810,3022
3912,4809,3028
3913,4807,3030
3914,4807,3030
3915,4810,3035
3916,4818,3035
3917,4823,3037
3918,4828,3037
3919,4825,3038
3920,4821,3035
3921,4815,3038
3922,4812,3034
3923,4816,3032
3924,4821,3027
3925,4821,3025
3926,4816,3026
3927,4824,3025
3928,4822,3027
3929,4830,3029
3930,4833,3035
3931,4835,3031
3932,4835,3033
3933,4839,3028
3934,4836,3024
3935,4832,3024
3936,4837,3021
3937,4844,3024
3938,4840,3029
3939,4845,3032
3940,4841,3029
3941,4835,3032
3942,4841,3035
3943,4838,3031
3944,4841,3029
3945,4841,3030
3946,4839,3026
3947,4833,3025
3948,4829,3023
3949,4835,3023
3950,4834,3029
3951,4832,3024
3952,4837,3027
3953,4836,3024
3954,4832,3023
3955,4828,3028
3956,4824,3026
3957,4828,3029
3958,4832,3025
3959,4829,3024
3960,4835,3022
3961,4831,3019
3962,4830,3023
3963,4824,3025
3964,4821,3022
3965,4816,3020
3966,4819,3024
3967,4814,3027
3968,4818,3030
3969,4817,3032
3970,4819,3038
3971,4822,3033
3972,4820,3037
3973,4823,3035
3974,4819,3038
3975,4822,3041
3976,4829,3046
3977,4823,3048
3978,4830,3054
3979,4832,3057
3980,4833,3053
3981,4834,3050
3982,4834,3055
3983,4842,3061
3984,4839,3061
3985,4843,3059
3986,4846,3058
3987,4847,3058
3988,4843,3053
3989,4847,3058
3990,4851,3061
3991,4851,3058
3992,4854,3059
3993,4854,3057
3994,4855,3062
3995,4852,3060
3996,4852,3063
3997,4860,3065
3998,4863,3070
3999,4870,3071
4000,4876,3070
4001,4873,3074
4002,4877,3073
4003,4873,3079
4004,4867,3078
4005,4869,3080
4006,4873,3075
4007,4880,3070
4008,4880,3072
4009,4888,3069
4010,4887,3066
4011,4883,3063
4012,4878,3059
4013,4879,3063
4014,4877,3058
4015,4882,3057
4016,4880,3054
4017,4874,3053
4018,4874,3053
4019,4875,3050
4020,4869,3056
4021,4870,3061
4022,4876,3067
4023,4874,3064
4024,4881,3064
4025,4875,3062
4026,4873,3063
4027,4868,3067
4028,4872,3072
4029,4873,3072
4030,4879,3070
4031,4880,3068
4032,4885,3063
4033,4882,3065
4034,4889,3060
4035,4896,3055
4036,4897,3057
4037,4905,3062
4038,4904,3065
4039,4906,3060
4040,4901,3061
4041,4899,3056
4042,4903,3062
4043,4897,3068
4044,4897,3070
4045,4892,3068
4046,4896,3065
4047,4896,3069
4048,4895,3070
4049,4898,3066
4050,4895,3069
4051,4900,3075
4052,4902,3077
4053,4909,3081
4054,4914,3080
4055,4911,3085
4056,4905,3080
4057,4908,3079
4058,4916,3082
4059,4923,3086
4060,4918,3086
4061,4922,3092
4062,4929,3096
4063,4924,3097
4064,4926,3100
4065,4921,3100
4066,4919,3103
4067,4927,3102
4068,4933,3106
4069,4930,3112
4070,4938,3109
4071,4943,3113
4072,4947,3114
4073,4955,3114
4074,4954,3120
4075,4950,3125
4076,4955,3125
4077,4959,3121
4078,4958,3119
4079,4962,3121
4080,4959,3117
4081,4961,3118
4082,4962,3114
4083,4968,3116
4084,4975,3120
4085,4982,3125
4086,4982,3127
4087,4982,3124
4088,4987,3130
4089,4988,3127
4090,4986,3129
4091,4992,3132
4092,4996,3134
4093,4991,3130
4094,4989,3127
4095,4994,3122
4096,4997,3126
4097,4994,3124
4098,4995,3121
4099,5003,3119
4100,4997,3123
4101,5001,3128
4102,4997,3131
4103,5004,3133
4104,5005,3137
4105,5002,3140
4106,4998,3137
4107,4996,3135
4108,5004,3139
4109,5000,3145
4110,4995,3142
4111,4995,3139
4112,4992,3134
4113,4996,3133
4114,4992,3136
4115,4993,3132
4116,4993,3137
4117,4994,3139
4118,4992,3137
4119,4998,3134
4120,4994,3134
4121,4992,3129
4122,4988,3129
4123,4996,3134
4124,4997,3140
4125,4994,3144
4126,4997,3143
4127,5004,3145
4128,5009,3141
4129,5003,3143
4130,5007,3139
4131,5007,3135
4132,5003,3134
4133,5009,3137
4134,5004,3136
4135,5008,3136
4136,5012,3140
4137,5007,3143
4138,5009,3139
4139,5010,3144
4140,5010,3143
4141,5008,3146
4142,5009,3147
4143,5009,3144
4144,5005,3141
4145,5011,3146
4146,5006,3141
4147,5000,3142
4148,4996,3137
4149,4992,3132
4150,4991,3128
4151,4989,3130
4152,4997,3133
4153,4993,3134
4154,4994,3139
4155,5001,3144
4156,4997,3144
4157,4995,3150
4158,5003,3153
4159,5002,3150
4160,5004,3155
4161,5010,3157
4162,5007,3161
4163,5003,3166
4164,4997,3162
4165,4992,3163
4166,4994,3161
4167,5000,3157
4168,4999,3155
4169,4993,3155
4170,4989,3150
4171,4995,3154
4172,4999,3152
4173,5004,3150
4174,5012,3152
4175,5009,3147
4176,5007,3151
4177,5014,3155
4178,5021,3160
4179,5026,3160
4180,5020,3166
4181,5028,3167
4182,5032,3163
4183,5032,3169
4184,5028,3167
4185,5033,3170
4186,5032,3172
4187,5038,3171
4188,5037,3171
4189,5037,3174
4190,5042,3178
4191,5049,3180
4192,5047,3182
4193,5054,3179
4194,5062,3184
4195,5058,3188
4196,5054,3190
4197,5060,3194
4198,5062,3191
4199,5057,3196
4200,5062,3197
4201,5058,3196
4202,5056,3198
4203,5061,3200
4204,5061,3202
4205,5062,3201
4206,5057,3205
4207,5061,3210
4208,5057,3209
4209,5060,3210
4210,5056,3205
4211,5050,3206
4212,5057,3203
4213,5061,3209
4214,5061,3208
4215,5063,3206
4216,5059,3204
4217,5059,3206
4218,5062,3212
4219,5059,3214
4220,5063,3214
4221,5064,3216
4222,5064,3215
4223,5061,3219
4224,5056,3217
4225,5050,3215
4226,5052,3218
4227,5052,3219
4228,5051,3214
4229,5056,3209
4230,5056,3213
4231,5051,3214
4232,5050,3220
4233,5058,3221
4234,5061,3219
4235,5061,3219
4236,5058,3223
4237,5054,3228
4238,5054,3230
4239,5051,3229
4240,5050,3229
4241,5044,3233
4242,5045,3238
4243,5042,3243
4244,5043,3241
4245,5037,3247
4246,5037,3245
4247,5039,3248
4248,5041,3246
4249,5039,3243
4250,5039,3239
4251,5044,3241
4252,5045,3247
4253,5048,3245
4254,5045,3251
4255,5043,3247
4256,5038,3249
4257,5040,3253
4258,5044,3253
4259,5044,3252
4260,5043,3252
4261,5044,3258
4262,5050,3254
4263,5046,3259
4264,5054,3258
4265,5051,3261
4266,5052,3256
4267,5046,3257
4268,5044,3252
4269,5045,3258
4270,5050,3254
4271,5050,3252
4272,5058,3249
4273,5066,3244
4274,5069,3239
4275,5068,3239
4276,5067,3234
4277,5072,3240
4278,5078,3242
4279,5085,3245
4280,5079,3242
4281,5078,3241
4282,5086,3239
4283,5085,3235
4284,5087,3231
4285,5095,3235
4286,5090,3231
4287,5097,3229
4288,5095,3224
4289,5098,3220
4290,5093,3218
4291,5098,3222
4292,5099,3217
4293,5096,3215
4294,5091,3215
4295,5095,3214
4296,5091,3218
4297,5089,3221
4298,5083,3227
4299,5084,3229
4300,5086,3226
4301,5081,3231
4302,5079,3232
4303,5085,3238
4304,5082,3243
4305,5083,3249
4306,5077,3253
4307,5084,3259
4308,5083,3254
4309,5090,3259
4310,5096,3264
4311,5099,3262
4312,5099,3266
4313,5101,3261
4314,5105,3260
4315,5100,3256
4316,5095,3251
4317,5092,3248
4318,5094,3251
4319,5102,3255
4320,5100,3253
4321,5095,3255
4322,5091,3251
4323,5090,3246
4324,5093,3241
4325,5097,3239
4326,5091,3239
4327,5093,3238
4328,5087,3241
4329,5085,3238
4330,5090,3233
4331,5092,3232
4332,5089,3233
4333,5096,3235
4334,5094,3241
4335,5090,3237
4336,5093,3236
4337,5092,3238
4338,5092,3233
4339,5097,3234
4340,5100,3237
4341,5106,3240
4342,5101,3239
4343,5095,3245
4344,5089,3250
4345,5086,3245
4346,5094,3251
4347,5090,3247
4348,5089,3250
4349,5090,3250
4350,5093,3254
4351,5095,3250
4352,5098,3256
4353,5102,3260
4354,5103,3266
4355,5108,3271
4356,5107,3276
4357,5112,3271
4358,5118,3272
4359,5113,3275
4360,5108,3281
4361,5106,3286
4362,5105,3284
4363,5099,3281
4364,5099,3287
4365,5107,3287
4366,5108,3291
4367,5107,3291
4368,5107,3289
4369,5107,3285
4370,5103,3286
4371,5101,3291
4372,5097,3295
4373,5098,3290
4374,5097,3295
4375,5097,3296
4376,5096,3291
4377,5092,3292
4378,5089,3287
4379,5083,3284
4380,5090,3289
4381,5092,3288
